<?xml version="1.0" encoding="UTF-8"?>
<jax-ws xmlns="http://www.netbeans.org/ns/jax-ws/1">
  <services>
    <service name="Alunos_ws_soap">
      <implementation-class>com.is.db.Alunos_ws_soap</implementation-class>
    </service>
    <service name="Books_ws_soap">
      <implementation-class>com.is2.Books_ws_soap</implementation-class>
    </service>
    <service name="Simples_ws_soap">
      <implementation-class>com.is2.Simples_ws_soap</implementation-class>
    </service>
  </services>
  <clients/>
</jax-ws>
